,timezone,airport
0,US/Central,BNW
1,US/Central,IKV
2,US/Central,AQR
3,US/Central,AUO
4,US/Central,TOI
5,US/Mountain,04V
1726,US/Central,AXS
4773,US/Central,AEL
7608,US/Central,BTR
7639,US/Central,CMY
13238,US/Mountain,DIJ
16448,US/Eastern,GRR
19767,US/Central,HUT
21505,US/Mountain,EMM
23666,US/Eastern,PSF
27513,US/Central,MKC
29437,US/Central,RVS
31464,US/Mountain,LRU
32613,US/Eastern,NBT
33656,US/Eastern,SPA
36386,US/Eastern,TTA
39352,US/Eastern,WST
42503,US/Eastern,ORH
45942,US/Eastern,FPK
50256,US/Eastern,JGG
50495,US/Central,MKE
53276,US/Eastern,HVN
55456,US/Pacific,SPB
58843,US/Mountain,DIK
61226,US/Central,RWF
63540,US/Pacific,TTD
66168,US/Central,04W
68926,US/Pacific,WVI
71047,US/Mountain,AXX
73721,US/Eastern,JHW
76664,US/Central,AXN
79235,US/Mountain,ALS
80891,US/Eastern,CAK
83834,US/Central,BKX
86799,US/Mountain,CMR
88286,US/Pacific,CXP
89346,US/Central,DSM
91829,US/Mountain,ELP
92442,US/Mountain,82V
93920,US/Eastern,FFC
96180,US/Central,FYG
99400,US/Eastern,GRD
101744,US/Central,MIC
104101,US/Central,HLR
107215,US/Mountain,JER
108756,US/Pacific,LGD
110155,US/Central,IBM
112684,US/Central,LXT
114757,US/Eastern,OQT
117877,US/Central,STP
120320,US/Pacific,TPH
121115,US/Central,VER
123944,US/Central,0J4
126714,US/Central,RSV
129782,US/Pacific,NSI
132078,US/Central,SGT
134594,US/Eastern,MSS
134641,US/Central,PWK
140493,US/Central,PIA
143026,US/Central,2D5
144902,US/Pacific,GRF
150583,US/Mountain,LXV
154454,US/Central,ICL
157116,US/Eastern,MIE
160249,US/Eastern,OQU
160916,US/Mountain,SGU
161691,US/Eastern,HLX
165061,US/Eastern,RSW
167647,US/Eastern,DSV
170312,US/Eastern,BLF
173924,US/Eastern,JES
175612,US/Central,PIB
178236,US/Eastern,NTU
180227,US/Pacific,ALW
180469,US/Eastern,CMX
186844,US/Eastern,MSV
189504,US/Central,8A0
192464,US/Eastern,CXY
195411,US/Central,06D
199182,US/Pacific,STS
202359,US/Pacific,ELY
204003,US/Central,FFL
205248,US/Mountain,CAO
206795,US/Eastern,PWM
209584,US/Central,TPL
211372,US/Eastern,FYJ
211524,US/Mountain,LGU
214281,US/Eastern,VES
217233,US/Central,ICR
219457,US/Eastern,AYS
221960,US/Mountain,2WX
222174,US/Mountain,RTN
223859,US/Central,GRI
225982,US/Eastern,JFK
228190,US/Eastern,PIE
230578,US/Eastern,NUI
230609,US/Central,08D
233063,US/Central,ALX
239761,US/Eastern,CAR
244447,US/Mountain,CYS
246866,US/Central,LXY
249142,US/Eastern,SUA
250946,US/Central,8D3
251086,US/Central,FFM
253893,US/Central,LHB
256196,US/Central,ORC
258116,US/Central,FYV
260668,US/Eastern,ELZ
265651,US/Eastern,MIV
268305,US/Pacific,BLH
268319,US/Eastern,SHD
268727,US/Central,CNB
274479,US/Central,DTL
277903,US/Mountain,HMN
277927,US/Central,MSY
277935,US/Pacific,VGT
282491,US/Pacific,PWT
284795,US/Mountain,AZC
286352,US/Central,TQE
288621,US/Pacific,RTS
290676,US/Central,6R6
290755,US/Central,ICT
292499,US/Mountain,PIH
294304,US/Central,JFX
298622,US/Pacific,NUQ
299511,US/Eastern,LYH
302241,US/Central,CAV
303843,US/Pacific,CZZ
303884,US/Central,GRK
306836,US/Central,AMA
308316,US/Eastern,HMZ
312301,US/Central,ORD
315070,US/Central,MIW
317279,US/Eastern,0A9
320270,US/Eastern,FFO
323621,US/Central,9D7
326323,US/Eastern,FZG
327964,US/Central,EMP
330191,US/Central,SUE
332552,US/Pacific,BLI
335292,US/Central,CNC
337902,US/Eastern,MTC
341968,US/Central,SHL
344732,US/Pacific,LHM
344794,US/Central,DTN
347053,US/Central,VIH
349763,US/Central,TQH
351001,US/Eastern,PYM
354021,US/Mountain,IDA
355855,US/Central,79J
358966,US/Central,RUE
361161,US/Eastern,AZE
363111,US/Central,PIL
365431,US/Eastern,JFZ
370155,US/Central,LYV
373081,US/Pacific,NUW
375384,US/Central,MJQ
378449,US/Central,D39
381461,US/Eastern,HNB
384651,US/Mountain,0CO
392183,US/Eastern,CNI
394731,US/Eastern,FFT
397761,US/Pacific,EMT
398415,US/Eastern,MTH
400312,US/Eastern,BLM
402905,US/Eastern,AMG
405430,US/Eastern,ORE
408715,US/Eastern,LHQ
411901,US/Eastern,FZY
415863,US/Eastern,CBE
417146,US/Pacific,9L2
418875,US/Central,DTO
420716,US/Pacific,VIS
422469,US/Eastern,GSB
426118,US/Mountain,SUN
427435,US/Central,RUG
429857,US/Central,7L2
432965,US/Pacific,SHN
437875,US/Central,PYX
438050,US/Eastern,TRI
440712,US/Eastern,AZO
443965,US/Central,LZK
446274,US/Eastern,EMV
448802,US/Pacific,HND
449358,US/Central,CNK
451387,US/Eastern,FFX
454776,US/Mountain,0E0
456434,US/Eastern,MJX
458812,US/Pacific,BLU
462887,US/Central,GAD
465873,US/Eastern,DTW
469036,US/Eastern,IDI
470755,US/Central,CBF
471112,US/Eastern,GSH
473323,US/Eastern,LHW
476962,US/Eastern,ORF
482795,US/Mountain,MTJ
484197,US/Central,PIR
486211,US/Eastern,AMN
489593,US/Central,9MN
490323,US/Central,D50
494012,US/Mountain,ABH
494689,US/Central,SUS
496765,US/Eastern,VJI
500821,US/Eastern,RUQ
503262,US/Pacific,TRK
506234,US/Eastern,PZQ
509771,US/Eastern,LZU
511453,US/Mountain,SHR
513615,US/Central,END
516035,US/Central,HNR
518827,US/Pacific,NXP
519442,US/Central,BLV
523012,US/Pacific,BAB
527082,US/Mountain,FFZ
527346,US/Central,DUA
529219,US/Mountain,CNM
530210,US/Central,JKA
534092,US/Central,CBG
537533,US/Central,D55
540768,US/Eastern,PIT
543489,US/Central,GAG
545186,US/Mountain,LHX
546397,US/Central,ORG
549946,US/Central,AMW
552526,US/Eastern,GSO
554974,US/Eastern,SUT
557346,US/Eastern,MTN
559109,US/Central,0F2
561126,US/Mountain,AIA
563043,US/Central,LZZ
564938,US/Central,9V9
567016,US/Central,IDP
569003,US/Central,VKS
570841,US/Central,TRL
572970,US/Central,SHV
575458,US/Central,RAC
578214,US/Central,ENL
581218,US/Eastern,RUT
583956,US/Eastern,FHB
585062,US/Eastern,NYC
585500,US/Mountain,BMC
588442,US/Pacific,CNO
590927,US/Eastern,LHZ
593660,US/Eastern,GAI
595474,US/Mountain,D57
597907,US/Eastern,VLD
600473,US/Eastern,GSP
602945,US/Pacific,SUU
606295,US/Central,ANB
608789,US/Central,IER
611453,US/Central,ALI
611462,US/Eastern,MKG
617158,US/Central,BAC
622275,US/Central,MTO
624768,US/Eastern,JKL
629206,US/Eastern,PKB
632750,US/Central,AAA
635310,US/Central,M25
636655,US/Eastern,0VG
639400,US/Eastern,HNZ
641887,US/Central,CBK
643393,US/Mountain,DUB
646039,US/Eastern,ORL
648288,US/Pacific,RAL
649354,US/Mountain,ENV
650089,US/Central,CNU
652333,US/Eastern,BMG
655437,US/Pacific,FHR
657522,US/Eastern,D95
660924,US/Central,GAO
664754,US/Eastern,NYG
666933,US/Pacific,TRM
667436,US/Eastern,SIF
670682,US/Mountain,LIC
672382,US/Central,APY
674081,US/Central,BAD
677474,US/Eastern,MKJ
681433,US/Eastern,VLL
684153,US/Central,11R
687226,US/Mountain,HOB
688185,US/Central,IFA
691294,US/Eastern,AAF
693619,US/Eastern,GTB
700356,US/Eastern,MTP
700539,US/Central,PKD
703235,US/Central,CBM
707637,US/Central,OSA
707910,US/Central,SUW
710821,US/Central,DUC
712527,US/Central,M30
716722,US/Central,JLN
718937,US/Eastern,AND
721349,US/Mountain,FHU
723046,US/Eastern,RWI
725750,US/Central,ENW
728460,US/Mountain,NYL
728798,US/Eastern,DAA
732712,US/Mountain,RAP
734791,US/Pacific,TSP
738211,US/Central,LIT
740620,US/Central,AQV
743763,US/Central,CNW
744236,US/Eastern,BAF
747209,US/Pacific,SIY
749125,US/Central,GBD
750817,US/Central,BMI
753221,US/Central,CCA
756510,US/Eastern,VNC
759113,US/Mountain,DUG
760036,US/Eastern,PLN
763953,US/Eastern,12N
764885,US/Central,MKL
767690,US/Central,AAO
769421,US/Eastern,MTV
772774,US/Eastern,OSC
776098,US/Central,JMR
779538,US/Central,ANE
781287,US/Eastern,FIG
785800,US/Pacific,NZY
786877,US/Mountain,GTF
788922,US/Central,RBD
790993,US/Mountain,IFP
791627,US/Mountain,CNY
792605,US/Mountain,RWL
794949,US/Central,M40
801155,US/Eastern,DAB
803643,US/Central,SUX
805977,US/Eastern,EOE
808497,US/Eastern,BAK
809324,US/Pacific,PLU
813756,US/Central,14Y
816419,US/Central,LJF
818782,US/Pacific,VNY
818829,US/Central,MKN
821654,US/Central,GBG
824706,US/Eastern,CCO
826726,US/Eastern,DUH
829497,US/Central,HOP
834255,US/Central,GTR
835999,US/Central,JMS
838243,US/Eastern,ANJ
842112,US/Central,MTW
845382,US/Pacific,AAT
847592,US/Eastern,BML
851919,US/Pacific,O22
852435,US/Eastern,FIT
855378,US/Central,OSH
858043,US/Pacific,RBG
860838,US/Mountain,IGM
861840,US/Pacific,DAG
862278,US/Pacific,SJC
863420,US/Pacific,MAE
865235,US/Mountain,SVC
866805,US/Central,RWV
868675,US/Eastern,TTF
871921,US/Mountain,COD
873538,US/Pacific,PMD
874170,US/Central,EOK
876271,US/Central,VOK
880701,US/Central,MKO
882949,US/Mountain,GCC
885386,US/Central,BBD
886059,US/Pacific,CCR
887567,US/Central,GTU
888864,US/Mountain,ANK
888894,US/Central,FKA
891975,US/Central,BMQ
893725,US/Pacific,O54
893766,US/Eastern,LKR
895894,US/Eastern,MUI
901053,US/Eastern,JNX
904077,US/Pacific,BAN
906128,US/Pacific,RBL
907623,US/Eastern,ABE
910832,US/Central,IGQ
914020,US/Eastern,OSU
916724,US/Central,HOT
919061,US/Eastern,PMP
921889,US/Central,DAL
922056,US/Eastern,DUJ
928985,US/Pacific,EPH
930581,US/Eastern,VPC
933005,US/Eastern,TTN
935660,US/Mountain,RXE
937697,US/Central,MAF
939019,US/Pacific,COE
941371,US/Eastern,MKS
945131,US/Mountain,CCU
950113,US/Pacific,O69
951643,US/Central,JOT
954984,US/Central,BFW
958205,US/Mountain,SJN
959161,US/Central,OTG
961909,US/Mountain,MUO
963705,US/Eastern,ANQ
965145,US/Eastern,BAX
968405,US/Central,HOU
970607,US/Eastern,TTS
974315,US/Eastern,DAN
976891,US/Central,PMV
979469,US/Pacific,GCD
982082,US/Central,MAI
984324,US/Mountain,GUC
986271,US/Eastern,SVH
989081,US/Central,BMT
991481,US/Eastern,COF
994456,US/Eastern,FKL
997446,US/Eastern,1A5
1000919,US/Eastern,LKU
1004446,US/Pacific,O86
1004504,US/Central,VPS
1008379,US/Central,SJT
1009773,US/Central,ABI
1011261,US/Eastern,RBW
1013453,US/Eastern,JQF
1014898,US/Central,DUX
1016216,US/Pacific,OTH
1019049,US/Central,CCY
1021998,US/Central,MUT
1024250,US/Central,MKT
1026708,US/Central,BKB
1029716,US/Mountain,MAN
1030861,US/Central,BAZ
1033456,US/Mountain,GUP
1035015,US/Eastern,DAW
1037875,US/Eastern,EQY
1040499,US/Central,IIB
1043203,US/Central,GCK
1044747,US/Eastern,CON
1048084,US/Eastern,SVN
1051544,US/Central,ANW
1054093,US/Mountain,RYN
1054230,US/Eastern,FKN
1056671,US/Central,BNA
1059708,US/Mountain,PNA
1062232,US/Central,TUL
1064200,US/Mountain,ABQ
1065228,US/Central,1A6
1069300,US/Central,RCE
1071309,US/Central,OTM
1073615,US/Pacific,LKV
1075084,US/Eastern,MKY
1076984,US/Eastern,OAJ
1079691,US/Eastern,SJX
1083546,US/Central,BBB
1086202,US/Eastern,CDA
1090084,US/Eastern,ERI
1094164,US/Central,BKS
1094313,US/Eastern,AOH
1097169,US/Eastern,DAY
1099876,US/Eastern,FKS
1103341,US/Central,VPZ
1106436,US/Eastern,DVK
1108744,US/Eastern,BNL
1111094,US/Central,PNC
1112712,US/Eastern,HPN
1115081,US/Central,TUP
1117599,US/Eastern,JRB
1122882,US/Mountain,LLJ
1124407,US/Central,RYV
1126995,US/Eastern,MLB
1129399,US/Central,OUN
1131034,US/Eastern,GUS
1135429,US/Pacific,OAK
1136959,US/Central,COQ
1140345,US/Eastern,DBN
1142509,US/Eastern,AOO
1146176,US/Central,RCM
1147652,US/Central,MVE
1150195,US/Mountain,CDC
1151692,US/Central,1F0
1153543,US/Pacific,SKA
1153575,US/Central,ERV
1159915,US/Eastern,VQQ
1161772,US/Eastern,MAO
1164970,US/Central,GCM
1167258,US/Eastern,SWF
1168281,US/Eastern,PNE
1170758,US/Eastern,IJD
1173974,US/Pacific,BNO
1175851,US/Central,JSO
1178544,US/Central,BBG
1180574,US/Pacific,HQM
1185709,US/Mountain,TUS
1186671,US/Central,FLD
1189531,US/Central,BPC
1190820,US/Pacific,OVE
1192350,US/Eastern,RCR
1195693,US/Central,RYW
1198312,US/Central,DBQ
1201184,US/Central,DVL
1203795,US/Central,MLC
1206154,US/Central,1H2
1209477,US/Mountain,COS
1211200,US/Eastern,ERY
1216581,US/Central,ABR
1218833,US/Eastern,OBE
1221772,US/Central,SKF
1224766,US/Central,SWO
1226630,US/Mountain,GCN
1228643,US/Central,BVE
1231433,US/Central,PNM
1234658,US/Central,IJX
1237360,US/Eastern,BBP
1240101,US/Central,CDJ
1240272,US/Eastern,JST
1244933,US/Mountain,FLG
1247346,US/Eastern,VRB
1249705,US/Central,RCX
1253174,US/Eastern,MVL
1256989,US/Eastern,RYY
1258576,US/Central,LLQ
1263634,US/Eastern,HQU
1265832,US/Eastern,GVL
1268719,US/Central,MBG
1270957,US/Central,COT
1272404,US/Eastern,TVC
1275276,US/Central,SWW
1275960,US/Central,MLE
1278721,US/Eastern,DCA
1281305,US/Eastern,ABY
1283585,US/Mountain,APA
1285027,US/Central,GDB
1287811,US/Mountain,SKX
1289354,US/Central,OVL
1292079,US/Central,BWD
1293905,US/Eastern,CDN
1296102,US/Eastern,ESC
1298978,US/Eastern,OCF
1300975,US/Central,PNS
1303808,US/Central,DVN
1306525,US/Central,RZL
1309858,US/Eastern,RCZ
1312262,US/Eastern,VSF
1316047,US/Mountain,LMO
1318822,US/Central,IKK
1321935,US/Central,JSV
1324577,US/Central,COU
1326639,US/Central,BBW
1328755,US/Eastern,TVI
1330817,US/Eastern,MBL
1334083,US/Pacific,APC
1336213,US/Mountain,MLF
1338168,US/Eastern,FLL
1340121,US/Mountain,BOI
1341988,US/Central,ESF
1345602,US/Eastern,DCM
1349293,US/Central,HQZ
1349846,US/Central,CDH
1353874,US/Central,SLB
1356497,US/Mountain,CDR
1358399,US/Central,GVT
1360918,US/Central,OCH
1362790,US/Central,PNT
1366055,US/Central,OVS
1370000,US/Central,MVN
1372829,US/Eastern,ACB
1376589,US/Central,RZN
1379727,US/Pacific,SXT
1384234,US/Pacific,RDD
1386202,US/Central,1M4
1388852,US/Central,JVL
1391031,US/Pacific,DVO
1393271,US/Eastern,BCB
1399322,US/Eastern,CPC
1401277,US/Eastern,APF
1403442,US/Central,TVK
1405791,US/Eastern,VTA
1409554,US/Central,GDJ
1411611,US/Eastern,FLO
1414102,US/Central,CDS
1415632,US/Pacific,BOK
1421364,US/Central,DCU
1423872,US/Central,OWA
1426603,US/Pacific,LMT
1428715,US/Central,MLI
1431314,US/Eastern,POB
1434751,US/Eastern,ESN
1436571,US/Central,COM
1438134,US/Eastern,RZR
1439704,US/Eastern,1P1
1444304,US/Eastern,GWB
1447565,US/Eastern,MBS
1450628,US/Central,JWG
1452227,US/Eastern,MVY
1455673,US/Mountain,SLC
1457779,US/Eastern,IKW
1461034,US/Central,OCQ
1461328,US/Central,DVP
1464065,US/Eastern,ACJ
1466469,US/Eastern,CPK
1471015,US/Pacific,HRI
1473307,US/Eastern,RDG
1475957,US/Pacific,TVL
1479337,US/Eastern,APG
1480761,US/Central,VTI
1483335,US/Eastern,DCY
1486650,US/Central,SYF
1488197,US/Mountain,GDP
1490313,US/Central,OWB
1492874,US/Eastern,BOS
1495364,US/Central,FLP
1497550,US/Mountain,BCE
1500027,US/Central,EST
1502692,US/Pacific,POC
1503222,US/Central,JWY
1505260,US/Central,LNC
1507596,US/Eastern,MLJ
1509724,US/Pacific,SAC
1511403,US/Eastern,CDW
1513983,US/Central,MCB
1516885,US/Central,CQM
1520128,US/Central,GWO
1522925,US/Eastern,ACK
1526125,US/Pacific,SLE
1528972,US/Central,MWA
1531009,US/Eastern,OCW
1533732,US/Mountain,DVT
1534364,US/Central,RDK
1536659,US/Mountain,CPR
1538997,US/Central,ILE
1540440,US/Mountain,GDV
1542122,US/Central,TVR
1544906,US/Central,POE
1549253,US/Eastern,HRJ
1551551,US/Eastern,APN
1555089,US/Mountain,FLY
1557188,US/Mountain,LND
1559271,US/Central,SYN
1561992,US/Eastern,BOW
1564633,US/Central,BCK
1568608,US/Central,DDC
1570865,US/Pacific,MCC
1572830,US/Central,JXI
1580638,US/Eastern,OWD
1584378,US/Central,ACP
1587834,US/Pacific,CEC
1587880,US/Central,VTN
1592435,US/Eastern,1V4
1594765,US/Pacific,MLP
1603334,US/Central,ETB
1606627,US/Mountain,D07
1606747,US/Central,MWC
1608893,US/Central,DWH
1611623,US/Eastern,GWW
1613660,US/Central,ODO
1614971,US/Mountain,SAD
1615863,US/Eastern,SLH
1619500,US/Pacific,RDM
1620930,US/Eastern,GED
1623603,US/Central,POF
1626315,US/Eastern,ILG
1628898,US/Eastern,FME
1628959,US/Eastern,DDH
1632202,US/Central,OWP
1634332,US/Central,CPS
1636712,US/Eastern,MCD
1640647,US/Mountain,1V6
1641640,US/Eastern,JXN
1644884,US/Central,ACQ
1648145,US/Central,BPG
1648948,US/Eastern,BCT
1648958,US/Eastern,CEF
1654131,US/Central,HRL
1655951,US/Eastern,ETC
1656979,US/Mountain,MLS
1658840,US/Eastern,SYR
1662407,US/Mountain,TWF
1662438,US/Eastern,DXR
1666692,US/Central,ODX
1669095,US/Central,AQO
1671107,US/Central,LNK
1673332,US/Central,D25
1677818,US/Pacific,GEG
1680397,US/Central,RDR
1685100,US/Pacific,GXA
1685976,US/Central,DEC
1688289,US/Eastern,ILM
1691045,US/Pacific,MWH
1692380,US/Central,CPT
1695234,US/Eastern,FMH
1698406,US/Eastern,MLT
1702109,US/Pacific,1YT
1704424,US/Mountain,SAF
1705773,US/Pacific,SLI
1707723,US/Eastern,VUJ
1710736,US/Eastern,CEU
1713559,US/Central,BDE
1713604,US/Central,ACT
1717855,US/Eastern,OEB
1720910,US/Central,JYG
1720941,US/Pacific,MCE
1724685,US/Central,TWM
1729690,US/Central,DYA
1732745,US/Central,AQP
1735283,US/Central,ETH
1737267,US/Eastern,POU
1739652,US/Central,LNL
1743958,US/Central,D60
1747817,US/Mountain,BPI
1749719,US/Central,HRO
1752259,US/Eastern,OXB
1754850,US/Mountain,GXF
1755939,US/Eastern,RDU
1757982,US/Mountain,GEU
1758552,US/Eastern,DED
1761016,US/Eastern,MWK
1764095,US/Pacific,SAN
1765006,US/Mountain,FMM
1766878,US/Mountain,20U
1770154,US/Eastern,ILN
1773394,US/Central,MLU
1776432,US/Mountain,CPW
1780456,US/Central,SZL
1783098,US/Eastern,SLK
1788278,US/Central,CEW
1791820,US/Mountain,BDG
1791848,US/Eastern,JYL
1793485,US/Pacific,VUO
1796068,US/Eastern,MCF
1801014,US/Central,EUF
1803133,US/Pacific,ACV
1809337,US/Eastern,DYB
1811413,US/Central,OEO
1813816,US/Eastern,LNP
1817771,US/Central,TXK
1820179,US/Eastern,POV
1823045,US/Central,DEQ
1826595,US/Central,BPK
1828991,US/Mountain,GXY
1830583,US/Eastern,GEV
1834984,US/Eastern,OXC
1837297,US/Pacific,REO
1837343,US/Pacific,SZT
1840298,US/Central,SAR
1842943,US/Eastern,IMM
1845588,US/Central,DEH
1848166,US/Mountain,20V
1851082,US/Central,MWL
1852664,US/Pacific,MMH
1852998,US/Central,CEY
1855062,US/Mountain,FMN
1856142,US/Central,HRT
1860304,US/Central,BDH
1862077,US/Eastern,JYM
1865701,US/Pacific,EUG
1868727,US/Central,SLN
1870461,US/Eastern,ACY
1873191,US/Central,CQB
1876143,US/Central,MCI
1878405,US/Eastern,AQW
1881423,US/Central,DTS
1884003,US/Central,LNR
1887084,US/Eastern,DYL
1889337,US/Central,BPT
1892526,US/Central,OFF
1895721,US/Central,OXI
1895784,US/Central,PPA
1897350,US/Central,RFD
1900193,US/Mountain,GEY
1901520,US/Eastern,TYQ
1905078,US/Central,GYB
1907805,US/Central,SAT
1909417,US/Central,VWU
1912247,US/Central,MWM
1915546,US/Central,21D
1918434,US/Central,IMT
1921852,US/Eastern,MMI
1922664,US/Central,T20
1925097,US/Central,SLO
1928006,US/Eastern,FMY
1930539,US/Mountain,CEZ
1932099,US/Eastern,JYO
1934753,US/Mountain,DEN
1936478,US/Central,ARA
1939814,US/Eastern,BDL
1942621,US/Mountain,DWX
1944657,US/Central,DYR
1946456,US/Central,ADC
1949777,US/Central,HRX
1951962,US/Central,OFK
1954172,US/Mountain,EUL
1955965,US/Central,MCJ
1957033,US/Eastern,LNS
1960009,US/Eastern,BQK
1963579,US/Pacific,OXR
1964979,US/Mountain,CQC
1966734,US/Central,PPF
1969114,US/Eastern,GEZ
1972045,US/Central,VYS
1975003,US/Central,RFI
1976971,US/Eastern,GYH
1978221,US/Central,TYR
1980209,US/Eastern,IND
1982930,US/Eastern,MWN
1986848,US/Eastern,SAV
1988980,US/Central,T35
1991544,US/Central,2C8
1995164,US/Central,FNB
1997264,US/Eastern,MMK
2000069,US/Central,SLR
2002713,US/Central,CFD
2005211,US/Central,JYR
2007998,US/Central,DXX
2010657,US/Eastern,DET
2013070,US/Pacific,BDN
2015287,US/Eastern,EVB
2015792,US/Central,HSA
2016796,US/Eastern,OFP
2019571,US/Eastern,ADG
2022017,US/Pacific,LOL
2023269,US/Central,OXV
2025583,US/Eastern,ARB
2028952,US/Central,DYS
2031272,US/Central,CQF
2034168,US/Central,BQP
2037325,US/Central,MCK
2039059,US/Central,PPO
2042714,US/Mountain,GFA
2045447,US/Central,GYI
2047343,US/Eastern,W22
2050838,US/Central,RGK
2054350,US/Eastern,MWO
2058196,US/Eastern,INF
2062789,US/Eastern,SAW
2065634,US/Eastern,TYS
2068382,US/Eastern,2DP
2073566,US/Mountain,FNL
2075484,US/Central,MML
2078097,US/Eastern,SME
2081845,US/Pacific,DEW
2084567,US/Central,EVM
2089035,US/Central,CFE
2091862,US/Eastern,JZI
2091909,US/Central,HSB
2098365,US/Central,E38
2099051,US/Eastern,LOM
2099704,US/Mountain,OGA
2101979,US/Eastern,BDR
2104744,US/Central,ADH
2106913,US/Central,ARG
2109216,US/Central,DYT
2111928,US/Eastern,OZW
2115258,US/Pacific,CQT
2116972,US/Central,BRD
2120591,US/Central,GFK
2122828,US/Eastern,MCN
2125046,US/Central,GYL
2129157,US/Central,MXF
2129204,US/Central,SAZ
2136436,US/Eastern,TZR
2138784,US/Eastern,MMT
2141599,US/Eastern,2G4
2142694,US/Central,INJ
2144874,US/Pacific,SMF
2146314,US/Central,PPQ
2148025,US/Central,EVV
2150433,US/Eastern,HSE
2153796,US/Eastern,W29
2157283,US/Pacific,KLS
2160083,US/Eastern,FNT
2162869,US/Central,RHI
2167041,US/Central,EBG
2169280,US/Central,ARM
2172705,US/Mountain,BDU
2174979,US/Eastern,CFS
2178219,US/Central,LOR
2182052,US/Eastern,OGB
2184329,US/Mountain,DZB
2186316,US/Eastern,DFI
2189061,US/Eastern,CQW
2191626,US/Central,BRL
2193995,US/Central,ADM
2195987,US/Eastern,GFL
2199734,US/Central,MXO
2202044,US/Mountain,U42
2202545,US/Pacific,SBA
2203842,US/Mountain,TAD
2205520,US/Mountain,GYR
2205720,US/Mountain,SMN
2207057,US/Central,2I0
2207071,US/Central,INK
2209693,US/Pacific,L35
2212121,US/Mountain,EVW
2214895,US/Central,HSI
2217049,US/Mountain,P08
2218012,US/Central,FOA
2221125,US/Eastern,RHP
2224900,US/Mountain,OGD
2226890,US/Eastern,ECG
2229184,US/Eastern,MMU
2232156,US/Eastern,MCO
2234470,US/Central,BEA
2236840,US/Central,DFW
2238699,US/Central,LOT
2241880,US/Central,ARR
2244898,US/Mountain,W43
2247475,US/Eastern,PQI
2251546,US/Central,ADS
2252671,US/Eastern,DZJ
2256434,US/Eastern,GGE
2259324,US/Eastern,CQX
2262656,US/Central,BRO
2264216,US/Central,CFV
2266363,US/Pacific,SMO
2267628,US/Central,GYY
2269488,US/Eastern,TAN
2273011,US/Pacific,SBD
2275221,US/Pacific,UAO
2277915,US/Pacific,MYF
2279485,US/Eastern,2J9
2280804,US/Central,INL
2283888,US/Central,FOD
2286374,US/Eastern,HSP
2291621,US/Eastern,EWB
2294497,US/Eastern,OGS
2296532,US/Central,EHA
2298429,US/Eastern,P53
2298549,US/Central,MCW
2301414,US/Mountain,DGW
2303153,US/Pacific,RHV
2303493,US/Pacific,MMV
2306712,US/Eastern,BED
2309560,US/Eastern,W99
2313622,US/Central,ADU
2316235,US/Central,PQL
2320155,US/Eastern,ART
2324362,US/Eastern,LOU
2326978,US/Central,E11
2327300,US/Eastern,CRE
2329642,US/Eastern,CGC
2334406,US/Central,GGG
2336427,US/Central,BTA
2339154,US/Pacific,SMP
2346719,US/Central,GZH
2349748,US/Central,SBM
2352717,US/Mountain,LAA
2354029,US/Central,TAZ
2354076,US/Mountain,MYL
2361256,US/Pacific,INS
2361832,US/Central,FOE
2364617,US/Central,ELO
2368399,US/Eastern,P58
2368493,US/Mountain,2V5
2369804,US/Eastern,EWN
2373138,US/Eastern,HST
2378051,US/Central,UBE
2381556,US/Eastern,RIC
2383829,US/Eastern,BEH
2387820,US/Central,DHN
2390359,US/Central,OJA
2392211,US/Central,MDD
2393940,US/Central,MNE
2396801,US/Central,PQN
2400247,US/Eastern,ADW
2404004,US/Eastern,CGE
2404924,US/Eastern,CRG
2407760,US/Central,GZL
2408985,US/Central,GGI
2411716,US/Central,ARV
2415823,US/Pacific,E16
2417540,US/Eastern,WAL
2420362,US/Eastern,LOZ
2423645,US/Eastern,BTL
2426541,US/Eastern,LAF
2428984,US/Eastern,SMQ
2432558,US/Eastern,INT
2434826,US/Eastern,MYR
2435022,US/Central,TBN
2440434,US/Eastern,SBN
2443148,US/Eastern,FOK
2446469,US/Mountain,P60
2446601,US/Central,EWK
2448385,US/Eastern,2W6
2448475,US/Central,HSV
2451006,US/Mountain,RIL
2452653,US/Eastern,EWR
2455070,US/Eastern,BFD
2459923,US/Eastern,UCP
2463227,US/Mountain,MNH
2465449,US/Central,DHT
2467216,US/Central,MDH
2470115,US/Mountain,AEG
2470948,US/Central,OJC
2473025,US/Central,CRP
2475100,US/Pacific,PRB
2476276,US/Eastern,GGP
2479302,US/Eastern,ARW
2485750,US/Eastern,WBC
2486611,US/Eastern,CGF
2487999,US/Mountain,BTM
2490459,US/Central,HAE
2493253,US/Pacific,LPC
2494732,US/Eastern,LAL
2495948,US/Eastern,SMS
2498392,US/Mountain,INW
2499233,US/Eastern,TBR
2501499,US/Eastern,SBO
2503543,US/Central,GAF
2506105,US/Pacific,MYV
2507796,US/Mountain,33V
2507914,US/Eastern,EXX
2510437,US/Central,UCY
2511580,US/Mountain,P69
2511639,US/Central,MDQ
2514545,US/Mountain,AEJ
2516403,US/Pacific,RIV
2517711,US/Central,WDG
2519342,US/Pacific,FOT
2519433,US/Central,EAR
2521044,US/Pacific,OKB
2522854,US/Eastern,HTL
2526707,US/Mountain,BFF
2528564,US/Mountain,GGW
2530527,US/Eastern,LPR
2534064,US/Eastern,MNI
2537165,US/Central,CGI
2539961,US/Eastern,IOB
2543420,US/Mountain,LAM
2545155,US/Mountain,TBX
2546171,US/Central,ASD
2549218,US/Eastern,BTP
2551915,US/Pacific,HAF
2558083,US/Mountain,PRC
2559245,US/Pacific,SBP
2560860,US/Pacific,CRQ
2562470,US/Pacific,SMX
2564737,US/Pacific,PAE
2567555,US/Central,MZH
2570692,US/Eastern,EYE
2573488,US/Mountain,RIW
2575218,US/Central,FOZ
2578159,US/Central,OKC
2579871,US/Mountain,GLD
2581694,US/Central,DKB
2585053,US/Pacific,BFI
2587062,US/Eastern,HTO
2589519,US/Eastern,UDG
2591668,US/Eastern,GHG
2594663,US/Central,MNM
2597288,US/Eastern,CGS
2597411,US/Eastern,LQK
2599833,US/Eastern,WDR
2601919,US/Mountain,ASE
2604571,US/Central,AEX
2607637,US/Central,MDS
2612455,US/Pacific,EAT
2614272,US/Eastern,HAI
2617586,US/Central,PRG
2620570,US/Eastern,LAN
2623903,US/Mountain,SBS
2623978,US/Central,CRS
2626126,US/Central,PAH
2628852,US/Mountain,TCC
2629155,US/Eastern,EYF
2632301,US/Eastern,BTV
2635496,US/Eastern,3I2
2638470,US/Eastern,MZZ
2644693,US/Eastern,RKD
2647851,US/Central,IOW
2650281,US/Central,GUY
2651612,US/Pacific,BFL
2652850,US/Pacific,SNA
2653971,US/Central,UES
2655858,US/Eastern,DKK
2659203,US/Central,OKK
2661837,US/Eastern,HTS
2665100,US/Mountain,CGZ
2665822,US/Eastern,MNN
2669088,US/Central,GHW
2671846,US/Eastern,FPR
2674219,US/Central,LRD
2674643,US/Central,ASG
2676333,US/Mountain,AFF
2679190,US/Pacific,WHP
2679660,US/Central,PRN
2682401,US/Mountain,LAR
2684701,US/Eastern,CRW
2687584,US/Central,EAU
2690622,US/Central,TCL
2693411,US/Central,PAM
2697510,US/Eastern,EYW
2699616,US/Eastern,BUF
2702685,US/Eastern,3J7
2704769,US/Central,GWR
2706531,US/Central,RKR
2709238,US/Eastern,N03
2713051,US/Eastern,SBY
2715527,US/Eastern,HAO
2718682,US/Central,BFM
2721450,US/Eastern,IPJ
2724335,US/Central,OKM
2727642,US/Central,DKR
2731878,US/Eastern,CHA
2734701,US/Eastern,MDT
2737658,US/Central,MNZ
2739798,US/Central,LRF
2743866,US/Eastern,ASH
2746417,US/Eastern,AFJ
2748632,US/Pacific,WJF
2749266,US/Eastern,FQD
2752164,US/Pacific,GIC
2752218,US/Central,UGN
2755173,US/Eastern,SNC
2757783,US/Central,PRO
2760244,US/Central,EBS
2763049,US/Pacific,LAS
2763435,US/Pacific,BUR
2764605,US/Mountain,RKS
2766501,US/Central,HUA
2769410,US/Central,CRX
2773662,US/Central,3LF
2775928,US/Mountain,PAN
2777723,US/Central,HBR
2779507,US/Central,BGD
2780841,US/Eastern,EZF
2783400,US/Central,N60
2783568,US/Central,HBG
2786595,US/Pacific,TCM
2792636,US/Eastern,SCH
2793258,US/Central,AFK
2795879,US/Central,LRJ
2797997,US/Pacific,IPL
2798647,US/Mountain,CHD
2798809,US/Central,WLD
2800674,US/Central,MOB
2803905,US/Central,MDW
2806278,US/Central,DLF
2808528,US/Eastern,ASJ
2812122,US/Eastern,GIF
2814521,US/Central,PRX
2816403,US/Eastern,OKV
2819422,US/Eastern,FRG
2821657,US/Central,SNL
2823921,US/Eastern,ECP
2826521,US/Eastern,RME
2830166,US/Eastern,CSG
2832542,US/Central,BUU
2835397,US/Eastern,HUF
2838189,US/Pacific,SCK
2839815,US/Pacific,UIL
2845791,US/Central,HDO
2847554,US/Pacific,PAO
2847585,US/Eastern,HBI
2850490,US/Eastern,EZM
2854169,US/Central,3R7
2856875,US/Central,LAW
2858987,US/Mountain,TCS
2859865,US/Eastern,BGE
2860482,US/Eastern,NAK
2862916,US/Eastern,AFN
2866275,US/Eastern,LRO
2869064,US/Central,CHK
2870684,US/Central,DLH
2873914,US/Eastern,IPT
2877189,US/Pacific,WMC
2878543,US/Pacific,PSC
2879920,US/Pacific,MOD
2881376,US/Central,MDZ
2885225,US/Central,ASL
2885405,US/Central,FRI
2888637,US/Eastern,RMG
2891328,US/Mountain,GJT
2892544,US/Pacific,SNS
2894100,US/Central,CSM
2895885,US/Mountain,HEI
2897963,US/Central,SDA
2900044,US/Central,PBF
2902723,US/Eastern,HUL
2906213,US/Eastern,BGF
2906665,US/Central,EZS
2909565,US/Mountain,ECS
2911674,US/Central,HBV
2913938,US/Eastern,TDF
2916966,US/Central,UIN
2919364,US/Eastern,BUY
2921793,US/Mountain,AFO
2925411,US/Eastern,NBC
2927948,US/Eastern,WRB
2931543,US/Central,3T5
2934929,US/Pacific,LAX
2936300,US/Central,DLL
2939602,US/Central,IRK
2941985,US/Eastern,CHO
2944640,US/Eastern,MOP
2948546,US/Eastern,OLE
2952577,US/Pacific,AST
2957202,US/Eastern,MEB
2959615,US/Central,FRM
2962032,US/Eastern,RMN
2964987,US/Central,CSQ
2967515,US/Mountain,SNT
2967595,US/Eastern,GKJ
2971079,US/Central,HEY
2974616,US/Eastern,PSK
2978175,US/Pacific,SDB
2980219,US/Central,HUM
2982526,US/Eastern,BVI
2983524,US/Eastern,AFP
2986336,US/Eastern,WRI
2991060,US/Eastern,UKF
2994170,US/Eastern,TDZ
2996919,US/Central,F05
2998461,US/Eastern,PBG
3001125,US/Eastern,BGM
3005491,US/Mountain,DLN
3007156,US/Eastern,CHS
3009402,US/Central,ECU
3009747,US/Central,NBG
3014115,US/Central,LBB
3015427,US/Mountain,OLF
3017355,US/Central,HCD
3020452,US/Pacific,MEH
3024261,US/Central,LSE
3027070,US/Eastern,IRS
3030847,US/Central,FSD
3033383,US/Central,MOT
3035462,US/Central,GKY
3037261,US/Eastern,HFF
3042944,US/Eastern,40J
3046859,US/Central,CSV
3049844,US/Eastern,ASW
3053724,US/Eastern,PSM
3056800,US/Central,BVN
3059378,US/Eastern,RMY
3063002,US/Eastern,TEB
3065493,US/Central,AFW
3067282,US/Mountain,WRL
3068564,US/Pacific,DLS
3070084,US/Mountain,SNY
3071848,US/Eastern,NCA
3074614,US/Central,PBH
3078402,US/Central,F44
3080878,US/Eastern,BGR
3083871,US/Pacific,OLM
3087644,US/Central,MEI
3090309,US/Central,EDC
3092802,US/Pacific,UKI
3095034,US/Central,HCO
3097827,US/Eastern,SDF
3098364,US/Pacific,CIC
3100559,US/Eastern,LBE
3104406,US/Eastern,LSF
3109651,US/Central,GLE
3111796,US/Eastern,ISM
3113549,US/Central,FSE
3116742,US/Eastern,42J
3117867,US/Central,MOX
3120646,US/Mountain,CTB
3122808,US/Central,PSN
3124977,US/Central,BVO
3127042,US/Eastern,TEW
3130060,US/Mountain,HVR
3131905,US/Central,HON
3134090,US/Central,ASX
3137566,US/Eastern,SOP
3139625,US/Eastern,DLZ
3143024,US/Central,RND
3146492,US/Central,F46
3149155,US/Eastern,PBI
3151021,US/Central,NDZ
3154296,US/Eastern,BHB
3157289,US/Eastern,AGC
3160430,US/Eastern,EDE
3163374,US/Eastern,UKT
3164349,US/Pacific,LSV
3165296,US/Central,CID
3167766,US/Mountain,OLS
3168949,US/Central,ISN
3171030,US/Central,HDC
3173877,US/Mountain,SDL
3174457,US/Central,LBF
3176491,US/Central,MEM
3179085,US/Central,GLH
3181253,US/Central,FSI
3184651,US/Eastern,CTJ
3186949,US/Central,46D
3189776,US/Eastern,MPO
3193523,US/Pacific,BVS
3195099,US/Mountain,PSO
3198773,US/Eastern,HVS
3200657,US/Mountain,IEN
3202546,US/Eastern,ATL
3204831,US/Mountain,TEX
3207904,US/Eastern,WVL
3211145,US/Mountain,SOW
3214479,US/Central,RNH
3217532,US/Eastern,NEL
3219673,US/Mountain,BHK
3221984,US/Pacific,F70
3222010,US/Eastern,PCM
3224053,US/Mountain,DMA
3225573,US/Eastern,AGS
3228649,US/Central,OLU
3230247,US/Eastern,ISO
3231994,US/Central,LTS
3234541,US/Eastern,EDJ
3234775,US/Pacific,SDM
3236365,US/Central,CIN
3239019,US/Central,ULM
3242151,US/Eastern,GLR
3246535,US/Central,HDE
3248897,US/Pacific,MER
3249756,US/Central,FSM
3251975,US/Pacific,BVU
3252567,US/Central,4A6
3255695,US/Eastern,CTY
3259071,US/Eastern,MPV
3263464,US/Mountain,IML
3264946,US/Pacific,PSP
3265340,US/Pacific,HWD
3266832,US/Mountain,ATS
3268183,US/Central,NEW
3271183,US/Eastern,WWD
3273230,US/Pacific,RNM
3275395,US/Central,BHM
3277489,US/Central,THA
3278471,US/Eastern,LUA
3281615,US/Eastern,AHN
3284217,US/Eastern,ISP
3286618,US/Central,OLV
3288206,US/Eastern,PCW
3291041,US/Eastern,FAF
3295027,US/Eastern,DMH
3295185,US/Central,CIR
3298611,US/Eastern,UNI
3301858,US/Eastern,LBT
3303839,US/Central,GLS
3306583,US/Mountain,HDN
3308355,US/Mountain,SDY
3310129,US/Pacific,EDU
3310388,US/Central,MEZ
3311708,US/Eastern,FSO
3314678,US/Mountain,JDN
3314804,US/Central,BVX
3314912,US/Central,4A9
3316908,US/Eastern,PTB
3323478,US/Central,ATT
3325408,US/Central,MPZ
3327454,US/Central,WWR
3329259,US/Eastern,HWO
3330441,US/Eastern,CTZ
3332925,US/Mountain,SPD
3333024,US/Pacific,RNO
3334123,US/Eastern,NFE
3336938,US/Eastern,THV
3339772,US/Eastern,BID
3342369,US/Central,OLY
3345404,US/Central,LUD
3347030,US/Central,FAM
3349711,US/Mountain,DMN
3350646,US/Central,AHQ
3353120,US/Eastern,ISQ
3357854,US/Central,LBX
3360898,US/Central,PCZ
3363766,US/Central,UNO
3366321,US/Central,GLW
3369782,US/Eastern,HEF
3371104,US/Eastern,CIU
3374289,US/Pacific,SEA
3376867,US/Eastern,MFD
3379958,US/Eastern,BVY
3382809,US/Pacific,EDW
3383594,US/Central,JKJ
3386363,US/Central,FST
3387422,US/Eastern,PTK
3390426,US/Central,XBP
3392633,US/Mountain,4BM
3395637,US/Central,MQB
3398676,US/Central,ATW
3400512,US/Eastern,HWV
3403300,US/Central,SPF
3406171,US/Eastern,RNP
3409292,US/Eastern,CUB
3411543,US/Central,BIE
3414042,US/Pacific,NFG
3415726,US/Central,TIF
3418145,US/Central,DMO
3420384,US/Central,FAR
3422954,US/Central,ISW
3426050,US/Eastern,CJR
3429244,US/Mountain,LUF
3429275,US/Central,BWG
3430211,US/Central,OLZ
3435877,US/Central,MFE
3437486,US/Central,FSW
3439473,US/Central,PDC
3442339,US/Mountain,AIB
3444012,US/Central,LCG
3446586,US/Central,GLY
3449238,US/Central,PTS
3452027,US/Pacific,SEE
3453290,US/Mountain,HEQ
3455054,US/Eastern,HWY
3458715,US/Central,CUH
3460815,US/Pacific,EED
3461237,US/Pacific,NFL
3462032,US/Central,TIK
3464197,US/Eastern,4I3
3467536,US/Eastern,SPG
3469618,US/Central,LBL
3471240,US/Eastern,DMW
3474757,US/Mountain,BIF
3476281,US/Pacific,FAT
3477641,US/Central,UNU
3480921,US/Pacific,RNT
3483673,US/Eastern,ITH
3486722,US/Eastern,MQE
3487927,US/Eastern,XLL
3491141,US/Eastern,CKB
3494895,US/Eastern,LUK
3498450,US/Central,MFI
3501425,US/Eastern,AID
3502617,US/Central,LCH
3505674,US/Mountain,FTG
3506951,US/Eastern,PDK
3509565,US/Eastern,SEG
3512689,US/Central,ATY
3515145,US/Eastern,BWI
3517739,US/Central,HEZ
3519798,US/Eastern,EEN
3523356,US/Central,OMA
3525591,US/Central,NFW
3527027,US/Central,TIP
3529871,US/Central,M19
3532807,US/Eastern,HXD
3534204,US/Central,CUL
3537365,US/Central,GMJ
3539875,US/Pacific,PTV
3541117,US/Central,SPI
3543199,US/Eastern,DNL
3543610,US/Eastern,FAY
3548367,US/Central,RNV
3551156,US/Pacific,BIH
3551841,US/Eastern,UNV
3554370,US/Eastern,MQI
3557004,US/Mountain,ITR
3558693,US/Central,4M9
3561065,US/Central,LUM
3564206,US/Pacific,MFR
3566259,US/Eastern,XMR
3569872,US/Eastern,CKF
3571630,US/Central,AIG
3575027,US/Eastern,LCI
3577477,US/Eastern,FTK
3582634,US/Pacific,PDT
3584694,US/Eastern,HFD
3587342,US/Central,SEP
3587391,US/Central,BWP
3587657,US/Mountain,EEO
3590037,US/Eastern,OMH
3593026,US/Central,NGP
3594907,US/Eastern,PTW
3597639,US/Mountain,CUT
3600709,US/Eastern,HYA
3603682,US/Eastern,GMU
3605812,US/Eastern,DNN
3608380,US/Pacific,TIW
3611188,US/Central,UOX
3613611,US/Eastern,ROA
3613658,US/Mountain,IWA
3615946,US/Eastern,FBG
3620982,US/Eastern,BIJ
3623203,US/Eastern,MQJ
3623239,US/Mountain,4MR
3624528,US/Central,XNA
3627041,US/Eastern,CKI
3629550,US/Eastern,AIK
3631671,US/Eastern,MFV
3634833,US/Eastern,LUX
3637707,US/Eastern,LCK
3640736,US/Central,HFJ
3643345,US/Eastern,AUG
3646420,US/Central,FTW
3648433,US/Pacific,PDX
3650899,US/Central,SET
3652902,US/Central,MWT
3655703,US/Central,BXA
3658321,US/Central,EET
3661089,US/Eastern,NGU
3663349,US/Pacific,OMK
3665100,US/Mountain,PUB
3666506,US/Central,HYI
3667768,US/Central,CVB
3670291,US/Central,SPS
3671787,US/Central,GNA
3672102,US/Eastern,USE
3676012,US/Central,IWD
3679419,US/Central,DNS
3681980,US/Mountain,BIL
3684068,US/Eastern,ROC
3687046,US/Central,4O4
3687396,US/Eastern,XSA
3689736,US/Eastern,TIX
3690463,US/Central,CKM
3691756,US/Eastern,MQS
3694816,US/Eastern,FTY
3697142,US/Central,AIO
3699244,US/Central,LVJ
3702058,US/Eastern,HGR
3704644,US/Eastern,LCQ
3704874,US/Central,MGC
3710931,US/Central,AUH
3713348,US/Mountain,SEZ
3715090,US/Central,PEA
3717731,US/Mountain,MYP
3722393,US/Eastern,NHK
3724503,US/Central,EFD
3725364,US/Mountain,BXK
3725583,US/Central,GNC
3726813,US/Eastern,OMN
3727407,US/Central,HYR
3731048,US/Mountain,FBR
3732877,US/Central,SPW
3735663,US/Mountain,PUC
3736987,US/Eastern,IWI
3739993,US/Central,UTA
3743674,US/Eastern,CVG
3746629,US/Central,BIS
3748800,US/Central,ROG
3751263,US/Central,54J
3754547,US/Central,CKN
3757322,US/Central,DNV
3760503,US/Central,TKC
3763241,US/Central,XVG
3766184,US/Central,MQY
3768802,US/Pacific,LVK
3770281,US/Central,AIT
3773886,US/Pacific,FUL
3775202,US/Central,HHF
3776863,US/Eastern,MGE
3780412,US/Eastern,LDJ
3783268,US/Eastern,SFB
3785542,US/Eastern,EFK
3789351,US/Central,AUM
3792747,US/Pacific,NID
3793187,US/Eastern,NJM
3795604,US/Central,ONA
3798479,US/Central,SQI
3800971,US/Eastern,GNR
3801106,US/Central,HYS
3802559,US/Eastern,PUJ
3805633,US/Mountain,BYG
3808194,US/Eastern,PEO
3811295,US/Eastern,FCI
3811489,US/Eastern,IXA
3815753,US/Pacific,CVH
3816637,US/Central,UTS
3819110,US/Central,ROS
3822252,US/Central,5C1
3822417,US/Eastern,MRB
3825190,US/Central,Y19
3828141,US/Central,CKP
3830769,US/Eastern,BIV
3834017,US/Mountain,LVM
3836953,US/Central,TKI
3838882,US/Eastern,DOV
3843154,US/Central,MGG
3845705,US/Pacific,HHR
3847419,US/Eastern,FVE
3851783,US/Eastern,LDM
3855995,US/Pacific,SFF
3858040,US/Eastern,NIP
3860087,US/Eastern,HYW
3868702,US/Mountain,GNT
3870383,US/Pacific,AUN
3870920,US/Central,NOG
3872826,US/Central,PEQ
3874231,US/Central,BYH
3875059,US/Central,EFT
3878044,US/Central,ONL
3880661,US/Central,AIZ
3882994,US/Central,FCM
3885633,US/Pacific,PUW
3888112,US/Pacific,SQL
3889397,US/Mountain,ROW
3890446,US/Central,IXD
3892445,US/Central,TKV
3896273,US/Central,CKV
3899801,US/Central,MRC
3901162,US/Central,BIX
3904964,US/Central,HHW
3906423,US/Eastern,MGJ
3909412,US/Pacific,NJK
3910194,US/Eastern,SFM
3912924,US/Central,DPA
3916163,US/Eastern,GNV
3919007,US/Central,5H4
3922190,US/Mountain,BYI
3924136,US/Mountain,FCS
3927098,US/Mountain,CVN
3930783,US/Mountain,ONM
3932041,US/Eastern,HYX
3934810,US/Eastern,NQX
3936803,US/Central,AJG
3939219,US/Central,Y23
3942864,US/Central,SRB
3944315,US/Eastern,FVX
3947755,US/Central,PVB
3947963,US/Eastern,LEB
3951693,US/Central,PEX
3955420,US/Central,LVN
3958545,US/Mountain,EGE
3960029,US/Eastern,UUU
3963040,US/Central,IYA
3966514,US/Eastern,TLH
3969417,US/Central,MRF
3970487,US/Central,RPD
3974679,US/Central,MGM
3977076,US/Central,NKA
3977292,US/Mountain,BJC
3979196,US/Pacific,SFO
3980391,US/Mountain,DPG
3981010,US/Pacific,CVO
3982810,US/Central,AUS
3984747,US/Central,5M9
3986872,US/Central,GOK
3988523,US/Central,ORB
3992158,US/Central,HIB
3996084,US/Eastern,FDK
3998447,US/Eastern,CLE
4001214,US/Mountain,ONO
4002871,US/Pacific,BYS
4003887,US/Central,Y50
4006590,US/Central,HZE
4009071,US/Central,SRC
4012698,US/Eastern,FWA
4015622,US/Eastern,LEE
4017874,US/Pacific,AJO
4019177,US/Eastern,PVC
4022150,US/Central,EGV
4026252,US/Central,UVA
4028218,US/Mountain,LVS
4030053,US/Central,PEZ
4032342,US/Eastern,TMA
4034395,US/Pacific,IZA
4036606,US/Central,RPJ
4039890,US/Eastern,DPL
4042928,US/Eastern,MRH
4045415,US/Eastern,MGN
4049088,US/Eastern,NKT
4051356,US/Central,BJI
4054775,US/Eastern,SFQ
4057853,US/Central,AUW
4060833,US/Eastern,HIE
4064746,US/Central,5R8
4067668,US/Mountain,CVS
4069138,US/Eastern,GON
4071971,US/Central,FDR
4073546,US/Central,OZA
4075253,US/Central,BYY
4078504,US/Central,CLI
4078551,US/Mountain,AJZ
4081451,US/Central,HZR
4086465,US/Pacific,ONP
4092434,US/Central,Y51
4092723,US/Eastern,LEW
4095509,US/Central,FWB
4098755,US/Eastern,SRQ
4101142,US/Eastern,PVD
4104072,US/Eastern,LWA
4107266,US/Central,UXL
4110144,US/Eastern,EHO
4112869,US/Mountain,PGA
4113862,US/Eastern,TMB
4116322,US/Eastern,IZG
4120082,US/Pacific,NKX
4121241,US/Central,MRJ
4124755,US/Eastern,DQH
4126661,US/Eastern,RQB
4130551,US/Eastern,CVX
4134525,US/Eastern,BJJ
4137839,US/Mountain,HIF
4140917,US/Eastern,FDW
4142815,US/Pacific,GOO
4143067,US/Central,SFY
4145826,US/Eastern,MGR
4147791,US/Mountain,5SM
4150943,US/Eastern,AVC
4151293,US/Central,CLK
4153394,US/Central,HZX
4153952,US/Eastern,AKH
4156759,US/Pacific,ONT
4158208,US/Eastern,LEX
4161280,US/Central,Y63
4164974,US/Mountain,SRR
4167069,US/Mountain,BZN
4169234,US/Central,FWC
4172317,US/Eastern,PGD
4174967,US/Central,OZR
4175120,US/Pacific,PVF
4179426,US/Central,EHR
4181510,US/Eastern,LWB
4185783,US/Mountain,JAC
4188116,US/Eastern,UZA
4190781,US/Eastern,MRN
4193960,US/Central,TME
4196863,US/Pacific,NLC
4198293,US/Pacific,DRA
4198651,US/Central,BKD
4200482,US/Eastern,SFZ
4206336,US/Central,GOP
4208245,US/Central,CLL
4208292,US/Eastern,FDY
4210496,US/Eastern,MGW
4217016,US/Pacific,HIO
4220056,US/Mountain,RQE
4221545,US/Pacific,65S
4223902,US/Mountain,AKO
4225793,US/Central,CWA
4228029,US/Eastern,Y70
4231677,US/Eastern,SSC
4235274,US/Central,C09
4238577,US/Eastern,PVG
4238733,US/Eastern,HZY
4243488,US/Eastern,LFI
4247606,US/Central,AVK
4249612,US/Central,P28
4249694,US/Eastern,PGV
4253194,US/Eastern,ONX
4256244,US/Central,FWD
4256927,US/Central,JAN
4259741,US/Mountain,EHY
4266828,US/Central,LWC
4269276,US/Eastern,MRT
4269393,US/Central,NMM
4272078,US/Central,DRI
4276278,US/Eastern,VAD
4280095,US/Eastern,TNB
4285049,US/Pacific,BKE
4287230,US/Central,RQO
4289803,US/Central,HJH
4292198,US/Central,SGF
4294583,US/Eastern,AKQ
4297952,US/Eastern,MGY
4301117,US/Central,FEP
4304088,US/Pacific,CLM
4306920,US/Eastern,6A1
4309933,US/Eastern,GOV
4315271,US/Central,CWC
4317164,US/Central,SSF
4319145,US/Central,PVJ
4320886,US/Eastern,AVL
4324420,US/Eastern,I16
4327488,US/Eastern,FWN
4330974,US/Eastern,PHD
4334161,US/Pacific,P68
4334346,US/Central,LFK
4337019,US/Eastern,YIP
4339864,US/Central,C29
4340059,US/Eastern,ONZ
4343228,US/Central,NPA
4345872,US/Eastern,DRM
4349712,US/Central,JAS
4353468,US/Mountain,EIK
4355151,US/Eastern,VAY
4357821,US/Mountain,BKF
4359264,US/Central,TNU
4360833,US/Central,LWD
4363128,US/Pacific,MRY
4365013,US/Pacific,HJO
4367202,US/Central,MHE
4369286,US/Eastern,6A2
4370140,US/Central,FET
4372819,US/Central,RRL
4377355,US/Eastern,I35
4378215,US/Pacific,CLS
4382855,US/Eastern,AKR
4385802,US/Central,CWF
4387286,US/Central,LFT
4390152,US/Central,FWS
4391906,US/Central,C35
4394708,US/Eastern,AVP
4397851,US/Central,NQA
4398880,US/Eastern,SGH
4401921,US/Mountain,PVU
4403806,US/Eastern,LWM
4406601,US/Central,VBT
4408734,US/Central,GPH
4410349,US/Eastern,SSI
4412225,US/Mountain,DRO
4414445,US/Pacific,YKM
4415947,US/Central,MSL
4418226,US/Central,HKA
4420680,US/Pacific,TOA
4421171,US/Central,PKV
4423439,US/Eastern,BKL
4426258,US/Eastern,6B0
4429702,US/Mountain,FEW
4432685,US/Eastern,ALB
4435820,US/Eastern,CLT
4437105,US/Eastern,LGA
4440438,US/Central,OOA
4443026,US/Central,MHK
4444920,US/Central,RSL
4446822,US/Eastern,FXE
4449138,US/Eastern,PHF
4451505,US/Eastern,JAX
4454161,US/Central,AWG
4456496,US/Central,NQI
4458490,US/Central,C75
4461617,US/Central,PWA
4463377,US/Central,CWI
4465872,US/Pacific,LWS
4467740,US/Pacific,VCB
4469362,US/Eastern,SGJ
4472244,US/Mountain,GPI
4475072,US/Central,STC
4477563,US/Eastern,EKM
4478547,US/Central,TOB
4481466,US/Eastern,I69
4484906,US/Central,YKN
4487119,US/Central,DRT
4488372,US/Central,HKS
4491155,US/Mountain,ALK
4492135,US/Central,PRS
4493297,US/Eastern,FFA
4495419,US/Central,MSN
4498419,US/Pacific,CMA
4500086,US/Central,BKN
4502115,US/Central,RSN
4505061,US/Central,6R3
4509652,US/Pacific,LGB
4511008,US/Eastern,OPF
4513800,US/Central,FXY
4517229,US/Pacific,MHR
4517741,US/Eastern,PHL
4520424,US/Eastern,NRB
4522600,US/Central,AWM
4525992,US/Eastern,CWN
4528862,US/Eastern,CAD
4532948,US/Central,PWC
4536089,US/Central,VCT
4536134,US/Central,JBR
4541066,US/Mountain,ALM
4542476,US/Mountain,LWT
4544694,US/Central,STE
4547771,US/Eastern,EKN
4552339,US/Central,GPM
4552662,US/Eastern,YNG
4556135,US/Central,SGR
4558793,US/Eastern,TOC
4560828,US/Central,I75
4563737,US/Eastern,HKY
4566492,US/Central,PSX
4568863,US/Eastern,CMH
4571699,US/Mountain,MSO
4574588,US/Eastern,RSP
4576683,US/Eastern,LGC
4579356,US/Central,OPL
4580115,US/Eastern,PHN
4582202,US/Pacific,MHS
4585355,US/Eastern,BKV
4592250,US/Central,AWN
4592550,US/Eastern,CWV
4595525,US/Pacific,NRS
4596886,US/Central,PWG
4598383,US/Central,LWV
4601231,US/Central,ALN
4602953,US/Central,GPT
4605848,US/Eastern,CAE
4607910,US/Pacific,EKO
4609866,US/Central,SGS
4612329,US/Central,JCT
4617156,US/Pacific,VCV
4617611,US/Eastern,ZPH
4620324,US/Pacific,AWO
4622833,US/Central,RST
4625874,US/Central,HLC
4627707,US/Central,IAB
4630810,US/Central,STF
4632632,US/Central,CMI
4635158,US/Central,MSP
4637717,US/Eastern,BKW
4641400,US/Eastern,OPN
4643640,US/Eastern,MHT
4645937,US/Mountain,PHP
4647754,US/Central,CXO
4650609,US/Central,NSE
4653539,US/Central,ALO
4656306,US/Central,LXL
4659923,US/Eastern,IAD
4659937,US/Eastern,HLG
4665844,US/Eastern,TOL
4668677,US/Central,EKQ
4671079,US/Mountain,CAG
4673521,US/Central,GPZ
4676300,US/Central,AXA
4678971,US/Central,JDD
4681381,US/Eastern,VDF
4684350,US/Eastern,ZZV
4687519,US/Central,STJ
4689638,US/Pacific,MHV
4690908,US/Mountain,PHX
4691350,US/Eastern,IAG
4694716,US/Mountain,HLN
4696684,US/Central,LXN
4699175,US/Central,GRB
4701930,US/Central,AXH
4705619,US/Central,ELD
4708659,US/Eastern,VDI
4710604,US/Central,JEF
4712730,US/Mountain,STK
4714444,US/Central,TOP
4716807,US/Eastern,MIA
4719318,US/Central,IAH
4721670,US/Mountain,VEL
4723319,US/Eastern,ELM
4726999,US/Central,STL
4729147,US/Mountain,TOR
4731000,US/Central,MIB
4734268,US/Eastern,TPA
4736383,US/Pacific,ELN
4738561,US/Eastern,TPF
4740854,US/Central,PTN
4743536,US/Central,PTT
4745630,US/Central,PVW
4747283,US/Central,RAS
4749137,US/Mountain,RCA
4753450,US/Central,RKP
4756032,US/Central,ROX
4759313,US/Central,RPH
4760537,US/Central,RRT
4763514,US/Central,S25
4763545,US/Central,S32
4769223,US/Mountain,SAA
4771249,US/Mountain,TMK
4776532,US/Central,SOA
4777998,US/Central,VVV
4780505,US/Central,96D
4783768,US/Central,SLG
4784449,US/Central,TDR
4789923,US/Pacific,ORS
4793272,US/Central,SRE
4795617,US/Central,TVF
4797581,US/Central,CKC
4797910,US/Central,T82
4799845,US/Mountain,WYS
4802952,US/Eastern,P59
4804117,US/Central,SNK
4805697,US/Eastern,1J0
4806906,US/Mountain,E80
4807873,US/Pacific,EKA
4812124,US/Central,FBL
4814152,US/Eastern,HOE
4815806,US/Mountain,MTR
4817416,US/Pacific,NXF
4819618,US/Central,RBO
4821352,US/Mountain,UNR
4824963,US/Pacific,U31
4825110,US/Mountain,S14
4827136,US/Eastern,NHZ
4830429,US/Eastern,48I
4834428,US/Central,1B7
4837405,US/Mountain,MLD
4840186,US/Mountain,WEY
4840292,US/Mountain,77M
4842189,US/Pacific,XVW
4846254,US/Mountain,JPD
4847440,US/Mountain,3MW
4847516,US/Mountain,GBN
4847736,US/Pacific,CZK
4850506,US/Mountain,8S0
4850639,US/Mountain,CHJ
4852029,US/Pacific,87Q
4853880,US/Pacific,AWH
4855549,US/Central,VSH
4858305,US/Mountain,PRZ
4859891,US/Mountain,5T6
4861755,US/Central,P67
4862958,US/Central,SPL
4862966,US/Mountain,TMH
4865289,US/Pacific,AUD
4867825,US/Central,M89
4870458,US/Mountain,4CR
4872226,US/Mountain,DRC
4873789,US/Mountain,IDV
4876176,US/Central,T65
4877440,US/Mountain,T62
4879238,US/Mountain,3HT
4881344,US/Eastern,9A1
4883131,US/Mountain,4BL
4883163,US/Central,DNK
4887644,US/Mountain,3TH
4896472,US/Mountain,PAT
4898795,US/Central,7R5
4901914,US/Central,7R3
4901992,US/Mountain,Y22
4906798,US/Pacific,9BB
4908467,US/Central,L38
4911042,US/Eastern,5W8
4914325,US/Mountain,M46
4916113,US/Mountain,36U
4917089,US/Eastern,I39
4917090,US/Mountain,CTD
4919305,US/Central,FSK
4921556,US/Central,T43
4921603,US/Mountain,3DU
4926714,US/Central,AXO
4928506,US/Pacific,IYK
4928941,US/Mountain,GUN
4930245,US/Eastern,RYT
4931618,US/Mountain,PUM
4933598,US/Eastern,27A
4934792,US/Eastern,1II
4935583,US/Mountain,CRV
4937392,US/Mountain,SGE
4939690,US/Mountain,BPP
4941866,US/Central,LBR
4942515,US/Eastern,IGX
4943505,US/Eastern,19A
4945063,US/Central,NFJ
4949324,US/Mountain,RIM
4951416,US/Eastern,IIY
4952610,US/Mountain,HMM
4955674,US/Pacific,S47
4961639,US/Mountain,VDW
4961767,US/Eastern,MUL
4963565,US/Mountain,EFC
4967914,US/Mountain,BRX
4969331,US/Mountain,4SL
4970476,US/Eastern,RZZ
4973473,US/Central,NBJ
4976848,US/Mountain,U78
4980319,US/Mountain,DHS
4982678,US/Central,FTN
4983225,US/Central,M16
4983392,US/Mountain,EPZ
4989944,US/Eastern,OKZ
4991246,US/Mountain,IKA
4993662,US/Central,9A4
4995960,US/Pacific,CQV
4995978,US/Central,UKL
4998302,US/Mountain,LSB
4998431,US/Mountain,SKL
5000173,US/Pacific,BUO
5001576,US/Pacific,3A6
5002891,US/Central,3A1
5005369,US/Mountain,VTP
5007695,US/Eastern,OQN
5011092,US/Pacific,P38
5011682,US/Pacific,TDO
5016355,US/Pacific,HMS
5017947,US/Eastern,RJD
5019447,US/Mountain,SHC
5021565,US/Mountain,BFU
5023924,US/Pacific,JNW
5030157,US/Mountain,4HV
5030182,US/Central,01M
5032984,US/Eastern,K22
5037464,US/Central,1R7
5038402,US/Mountain,PIN
5040440,US/Mountain,CMS
5042170,US/Mountain,SIB
5043733,US/Mountain,U28
5044659,US/Mountain,U24
5044740,US/Eastern,XFL
5045283,US/Eastern,VVG
5047274,US/Pacific,O87
5047370,US/Pacific,OKH
5049736,US/Mountain,E33
5051847,US/Central,H21
5054211,US/Pacific,B23
5055536,US/Mountain,ARL
5057774,US/Mountain,BVR
